hoaName,jobNumber,jobName,address,status,assignedTo,assignedDate,dateSubmitted,dateApproved,notes
Unassigned - Pending HOA Info,5104,Robert Carlin,TBD,Approved and Printed,Tech 2,,,,CRM stage: Scheduled for Install | Product: Win | CRM account mgr: Polly | *Placeholder HOA/address — replace with real HOA info after upload*
Unassigned - Pending HOA Info,10069,Deanna Lott,TBD,Complete,Tech 2,,,,CRM stage: Scheduled Final Inspection | Product: Win | CRM account mgr: Roberto | *Placeholder HOA/address — replace with real HOA info after upload*
Unassigned - Pending HOA Info,12499,Pedro Gonzalez,TBD,Complete,Tech 2,,,,CRM stage: Complete | Product: Win | CRM account mgr: Polly | *Placeholder HOA/address — replace with real HOA info after upload*
Unassigned - Pending HOA Info,12947,Rick Iobst,TBD,Need to Submit,Tech 2,,,,CRM stage: Awaiting HOA | Product: Win | *Placeholder HOA/address — replace with real HOA info after upload*
Unassigned - Pending HOA Info,17408,Deborah Ingraham,TBD,Approved,Tech 2,,,,CRM stage: Ordered | Product: Win | *Placeholder HOA/address — replace with real HOA info after upload*
Unassigned - Pending HOA Info,22348,Ender Urdaneta,TBD,Complete,Tech 2,,,,CRM stage: Complete | Product: Tile | CRM account mgr: Rita | *Placeholder HOA/address — replace with real HOA info after upload*
Unassigned - Pending HOA Info,27867,Mary Campbell,TBD,Complete,Tech 2,,,,CRM stage: Complete | Product: Shingle | *Placeholder HOA/address — replace with real HOA info after upload*
Unassigned - Pending HOA Info,35053,Alexander Ekelman,TBD,Need to Submit,Tech 2,,,,CRM stage: Need Permit Submittal | Product: Win | *Placeholder HOA/address — replace with real HOA info after upload*
Unassigned - Pending HOA Info,36763,Izbeth Dorta,TBD,Complete,Tech 2,,,,CRM stage: Complete | Product: Win | CRM account mgr: Polly | *Placeholder HOA/address — replace with real HOA info after upload*
Unassigned - Pending HOA Info,37353,Janet Lettera,TBD,Complete,Tech 2,,,,CRM stage: Complete | Product: Win | CRM account mgr: Roberto | *Placeholder HOA/address — replace with real HOA info after upload*
Unassigned - Pending HOA Info,37398,Sandra Maycock,TBD,Need to Submit,Tech 2,,,,CRM stage: Ready to Order | Product: Win | *Placeholder HOA/address — replace with real HOA info after upload*
Unassigned - Pending HOA Info,40575,Sandy Louis,TBD,Approved and Printed,Tech 2,,,,CRM stage: Install Started | Product: Win | CRM account mgr: Roberto | *Placeholder HOA/address — replace with real HOA info after upload*
Unassigned - Pending HOA Info,44981,David Ogawa,TBD,Approved,Tech 2,,,,CRM stage: Ordered | Product: Win | CRM account mgr: Polly | *Placeholder HOA/address — replace with real HOA info after upload*
Unassigned - Pending HOA Info,45869,Phillip Richie,TBD,Approved,Tech 2,,,,CRM stage: Ordered | Product: Win | *Placeholder HOA/address — replace with real HOA info after upload*
Unassigned - Pending HOA Info,48505,Ruth Hicks,TBD,Need to Submit,Tech 2,,,,CRM stage: RF Pending Permit | Product: Shingle | *Placeholder HOA/address — replace with real HOA info after upload*
Unassigned - Pending HOA Info,48591,John Burry,TBD,Approved and Printed,Tech 2,,,,CRM stage: Product Arrived - Needs Permit | Product: Win | CRM account mgr: Polly | *Placeholder HOA/address — replace with real HOA info after upload*
Unassigned - Pending HOA Info,54423,Jeffrey Telford,TBD,Approved,Tech 2,,,,CRM stage: Ordered | Product: Win | CRM account mgr: Roberto | *Placeholder HOA/address — replace with real HOA info after upload*
Unassigned - Pending HOA Info,54454,Md Haque,TBD,Approved,Tech 2,,,,CRM stage: Ordered | Product: Win | *Placeholder HOA/address — replace with real HOA info after upload*
Unassigned - Pending HOA Info,56940,Toni Bellantoni,TBD,Approved and Printed,Tech 2,,,,CRM stage: Product Arrived - Needs Permit | Product: Win | CRM account mgr: Lisa | *Placeholder HOA/address — replace with real HOA info after upload*
Unassigned - Pending HOA Info,58711,Chris Cassis,TBD,Need to Submit,Tech 2,,,,CRM stage: Awaiting HOA | Product: Win | CRM account mgr: Lisa | *Placeholder HOA/address — replace with real HOA info after upload*
Unassigned - Pending HOA Info,58911,Daisy Quintanilla,TBD,Complete,Tech 2,,,,CRM stage: Needs Final Inspection | Product: Win | CRM account mgr: Roberto | *Placeholder HOA/address — replace with real HOA info after upload*
Unassigned - Pending HOA Info,59277,Frederico Beserra,TBD,Complete,Tech 2,,,,CRM stage: Complete | Product: Win | CRM account mgr: Polly | *Placeholder HOA/address — replace with real HOA info after upload*
Unassigned - Pending HOA Info,59991,Jose Muniz,TBD,Approved,Tech 2,,,,CRM stage: Ordered | Product: Win | *Placeholder HOA/address — replace with real HOA info after upload*
Unassigned - Pending HOA Info,63560,Barb Cloyd,TBD,Complete,Tech 2,,,,CRM stage: Complete | Product: Win | CRM account mgr: Lisa | *Placeholder HOA/address — replace with real HOA info after upload*
Unassigned - Pending HOA Info,64960,Janet Edgar,TBD,Need to Submit,Tech 2,,,,CRM stage: Pending Change Order Windows | Product: Win | *Placeholder HOA/address — replace with real HOA info after upload*
Unassigned - Pending HOA Info,65357,Carlos Lombardo,TBD,Need to Submit,Tech 2,,,,CRM stage: Awaiting Parts | Product: Win | CRM account mgr: Roberto | *Placeholder HOA/address — replace with real HOA info after upload*
Unassigned - Pending HOA Info,66236,Vernon Christmas,TBD,Need to Submit,Tech 2,,,,CRM stage: Cancelled By Mgt | Product: Win | *Ambiguous CRM stage — please verify HOA status* | *Placeholder HOA/address — replace with real HOA info after upload*
Unassigned - Pending HOA Info,66677,Vivienne Witter,TBD,Need to Submit,Tech 2,,,,CRM stage: Need Permit Submittal | Product: Win | *Placeholder HOA/address — replace with real HOA info after upload*
Unassigned - Pending HOA Info,67151,Sofia Valiquette,TBD,Complete,Tech 2,,,,CRM stage: Complete | Product: Win | CRM account mgr: Lisa | *Placeholder HOA/address — replace with real HOA info after upload*
Unassigned - Pending HOA Info,67826,Katie Efrece,TBD,Approved,Tech 2,,,,CRM stage: Ordered | Product: Win | *Placeholder HOA/address — replace with real HOA info after upload*
Unassigned - Pending HOA Info,68340,Sandra Anselme,TBD,Approved,Tech 2,,,,CRM stage: Ordered | Product: Win | *Placeholder HOA/address — replace with real HOA info after upload*
Unassigned - Pending HOA Info,70150,Teddy Brown,TBD,Approved and Printed,Tech 2,,,,CRM stage: Product Arrived | Product: Win | CRM account mgr: Polly | *Placeholder HOA/address — replace with real HOA info after upload*
Unassigned - Pending HOA Info,70815,Cj Landau,TBD,Approved,Tech 2,,,,CRM stage: Ordered | Product: Win | *Placeholder HOA/address — replace with real HOA info after upload*
Unassigned - Pending HOA Info,70903,Ian & Elana D'arcy,TBD,Complete,Tech 2,,,,CRM stage: Needs Final Inspection | Product: Win | CRM account mgr: Roberto | *Placeholder HOA/address — replace with real HOA info after upload*
Unassigned - Pending HOA Info,71635,Gregory Vilmont,TBD,Complete,Tech 2,,,,CRM stage: Complete | Product: Tile | CRM account mgr: Rita | *Placeholder HOA/address — replace with real HOA info after upload*
Unassigned - Pending HOA Info,71727,Simon Legare,TBD,Approved and Printed,Tech 2,,,,CRM stage: Partial Product Arrived | Product: Win | CRM account mgr: Polly | *Placeholder HOA/address — replace with real HOA info after upload*
Unassigned - Pending HOA Info,72098,Joel Brito,TBD,Complete,Tech 2,,,,CRM stage: Complete | Product: Win | CRM account mgr: Lisa | *Placeholder HOA/address — replace with real HOA info after upload*
Unassigned - Pending HOA Info,72139,Israel Omole,TBD,Approved and Printed,Tech 2,,,,CRM stage: Install Started | Product: Win | CRM account mgr: Polly | *Placeholder HOA/address — replace with real HOA info after upload*
Unassigned - Pending HOA Info,72769,Gilberto Verde,TBD,Need to Submit,Tech 2,,,,CRM stage: Awaiting HOA | Product: Tile | *Placeholder HOA/address — replace with real HOA info after upload*
Unassigned - Pending HOA Info,72799,Robert Long,TBD,Need to Submit,Tech 2,,,,CRM stage: Sales Manager Escalation | Product: Win | *Ambiguous CRM stage — please verify HOA status* | *Placeholder HOA/address — replace with real HOA info after upload*
Unassigned - Pending HOA Info,72896,Lejla Janicek,TBD,Complete,Tech 2,,,,CRM stage: Complete | Product: Tile | CRM account mgr: Angelique | *Placeholder HOA/address — replace with real HOA info after upload*
Unassigned - Pending HOA Info,73533,Mr. Leon,TBD,Approved,Tech 2,,,,CRM stage: Ordered | Product: Win | *Placeholder HOA/address — replace with real HOA info after upload*
Unassigned - Pending HOA Info,73545,Mayra Padron,TBD,Approved and Printed,Tech 2,,,,CRM stage: Product Arrived | Product: Win | CRM account mgr: Lisa | *Placeholder HOA/address — replace with real HOA info after upload*
Unassigned - Pending HOA Info,73630,Joanna Arroyo,TBD,Complete,Tech 2,,,,CRM stage: Complete | Product: Tile | CRM account mgr: Rita | *Placeholder HOA/address — replace with real HOA info after upload*
Unassigned - Pending HOA Info,73663,Brian Forbes,TBD,Complete,Tech 2,,,,CRM stage: Complete | Product: Tile | *Placeholder HOA/address — replace with real HOA info after upload*
Unassigned - Pending HOA Info,74256,Ronald Chapman,TBD,Approved,Tech 2,,,,CRM stage: Ordered | Product: Win | CRM account mgr: Lisa | *Placeholder HOA/address — replace with real HOA info after upload*
Unassigned - Pending HOA Info,74531,Karen Jones,TBD,Complete,Tech 2,,,,CRM stage: Complete | Product: Win | CRM account mgr: Polly | *Placeholder HOA/address — replace with real HOA info after upload*
Unassigned - Pending HOA Info,74720,Johnny Sheppard,TBD,Complete,Tech 2,,,,CRM stage: Complete | Product: Win | CRM account mgr: Polly | *Placeholder HOA/address — replace with real HOA info after upload*
Unassigned - Pending HOA Info,75178,Bobby Randazzo,TBD,Approved,Tech 2,,,,CRM stage: Ordered | Product: Win | *Placeholder HOA/address — replace with real HOA info after upload*
Unassigned - Pending HOA Info,75758,Kyle Romano,TBD,Approved,Tech 2,,,,CRM stage: Ordered | Product: Win | *Placeholder HOA/address — replace with real HOA info after upload*
Unassigned - Pending HOA Info,75963,Maude Maurence,TBD,Approved,Tech 2,,,,CRM stage: Ordered | Product: Win | CRM account mgr: Polly | *Placeholder HOA/address — replace with real HOA info after upload*
Unassigned - Pending HOA Info,76531,Rollinda Thomson,TBD,Need to Submit,Tech 2,,,,CRM stage: Needs Permit/HOA Submittal | Product: Win | *Placeholder HOA/address — replace with real HOA info after upload*
Unassigned - Pending HOA Info,77248,Diana Santana,TBD,Approved and Printed,Tech 2,,,,CRM stage: Install Started | Product: Win | CRM account mgr: Polly | *Placeholder HOA/address — replace with real HOA info after upload*
Unassigned - Pending HOA Info,77552,Olga Diaz,TBD,Complete,Tech 2,,,,CRM stage: Complete | Product: Tile | CRM account mgr: Rita | *Placeholder HOA/address — replace with real HOA info after upload*
Unassigned - Pending HOA Info,77959,George Mccaffery,TBD,Approved and Printed,Tech 2,,,,CRM stage: Scheduled for Install | Product: Win | CRM account mgr: Lisa | *Placeholder HOA/address — replace with real HOA info after upload*
Unassigned - Pending HOA Info,77980,Steve Cotter,TBD,Approved and Printed,Tech 2,,,,CRM stage: Scheduled for Install | Product: Win | CRM account mgr: Lisa | *Placeholder HOA/address — replace with real HOA info after upload*
Unassigned - Pending HOA Info,78026,Jolene Jackson,TBD,Need to Submit,Tech 2,,,,CRM stage: Awaiting Parts | Product: Win | CRM account mgr: Lisa | *Placeholder HOA/address — replace with real HOA info after upload*
Unassigned - Pending HOA Info,78336,Lucy Marcel,TBD,Approved and Printed,Tech 2,,,,CRM stage: Install Started | Product: Win | CRM account mgr: Polly | *Placeholder HOA/address — replace with real HOA info after upload*
Unassigned - Pending HOA Info,78456,Jhon King,TBD,Approved,Tech 2,,,,CRM stage: Ordered | Product: Win | CRM account mgr: Lisa | *Placeholder HOA/address — replace with real HOA info after upload*
Unassigned - Pending HOA Info,78461,Jose Marquez,TBD,Approved and Printed,Tech 2,,,,CRM stage: Scheduled for Install | Product: Tile | *Placeholder HOA/address — replace with real HOA info after upload*
Unassigned - Pending HOA Info,78643,Trisha Deininger,TBD,Approved,Tech 2,,,,CRM stage: Ordered | Product: Win | *Placeholder HOA/address — replace with real HOA info after upload*
Unassigned - Pending HOA Info,79260,Judy Acierno,TBD,Approved,Tech 2,,,,CRM stage: Ordered | Product: Win | *Placeholder HOA/address — replace with real HOA info after upload*
Unassigned - Pending HOA Info,79492,Maria Vera,TBD,Approved and Printed,Tech 2,,,,CRM stage: Product Arrived | Product: Win | CRM account mgr: Lisa | *Placeholder HOA/address — replace with real HOA info after upload*
Unassigned - Pending HOA Info,79706,Marilyn Campbell,TBD,Approved and Printed,Tech 2,,,,CRM stage: Product Arrived | Product: Win | CRM account mgr: Lisa | *Placeholder HOA/address — replace with real HOA info after upload*
Unassigned - Pending HOA Info,79726,Barbara Aurichio,TBD,Complete,Tech 2,,,,CRM stage: Complete | Product: Win | CRM account mgr: Lisa | *Placeholder HOA/address — replace with real HOA info after upload*
Unassigned - Pending HOA Info,79796,Cindy Onorati,TBD,Complete,Tech 2,,,,CRM stage: Complete | Product: Win | CRM account mgr: Lisa | *Placeholder HOA/address — replace with real HOA info after upload*
Unassigned - Pending HOA Info,79844,Raul Paz Llorente,TBD,Complete,Tech 2,,,,CRM stage: Complete | Product: Tile | CRM account mgr: Rita | *Placeholder HOA/address — replace with real HOA info after upload*
Unassigned - Pending HOA Info,80314,Marie Alboy,TBD,Approved,Tech 2,,,,CRM stage: Ordered | Product: Win | *Placeholder HOA/address — replace with real HOA info after upload*
Unassigned - Pending HOA Info,80361,Jay Benavides,TBD,Need to Submit,Tech 2,,,,CRM stage: Awaiting HOA | Product: Tile | *Placeholder HOA/address — replace with real HOA info after upload*
Unassigned - Pending HOA Info,80556,Gisel Saumat,TBD,Approved and Printed,Tech 2,,,,CRM stage: RF Ready for Install | Product: Tile | *Placeholder HOA/address — replace with real HOA info after upload*
Unassigned - Pending HOA Info,80576,Cindy Eales,TBD,Complete,Tech 2,,,,CRM stage: Scheduled Final Inspection | Product: Win | CRM account mgr: Polly | *Placeholder HOA/address — replace with real HOA info after upload*
Unassigned - Pending HOA Info,80786,George Mcquilkin,TBD,Need to Submit,Tech 2,,,,CRM stage: Pending Change Order Roofing | Product: Tile | *Placeholder HOA/address — replace with real HOA info after upload*
Unassigned - Pending HOA Info,81418,Yilena Mendoza,TBD,Need to Submit,Tech 2,,,,CRM stage: Need Permit Submittal | Product: Tile | *Placeholder HOA/address — replace with real HOA info after upload*
Unassigned - Pending HOA Info,82068,Luisa Alfaro,TBD,Approved,Tech 2,,,,CRM stage: Ordered | Product: Tile | *Placeholder HOA/address — replace with real HOA info after upload*
Unassigned - Pending HOA Info,82281,Mindy Lieblien,TBD,Need to Submit,Tech 2,,,,CRM stage: Awaiting HOA | Product: Win | *Placeholder HOA/address — replace with real HOA info after upload*
Unassigned - Pending HOA Info,82585,Peter Cambariere,TBD,Approved and Printed,Tech 2,,,,CRM stage: Product Arrived - Needs Permit | Product: Win | CRM account mgr: Polly | *Placeholder HOA/address — replace with real HOA info after upload*
Unassigned - Pending HOA Info,82631,Shashidhar Mitagar,TBD,Approved and Printed,Tech 2,,,,CRM stage: Install Started | Product: Win | CRM account mgr: Lisa | *Placeholder HOA/address — replace with real HOA info after upload*
Unassigned - Pending HOA Info,82646,Catalina Porto,TBD,Need to Submit,Tech 2,,,,CRM stage: In Progress | Product: Tile | CRM account mgr: Rita | *Ambiguous CRM stage — please verify HOA status* | *Placeholder HOA/address — replace with real HOA info after upload*
Unassigned - Pending HOA Info,83573,Christopher Ward,TBD,Need to Submit,Tech 2,,,,CRM stage: Ready to Order | Product: Win | *Placeholder HOA/address — replace with real HOA info after upload*
Unassigned - Pending HOA Info,83615,Neil Roberts,TBD,Approved,Tech 2,,,,CRM stage: Ordered | Product: Win | *Placeholder HOA/address — replace with real HOA info after upload*
Unassigned - Pending HOA Info,83714,Marilyn Horwitz,TBD,Approved and Printed,Tech 2,,,,CRM stage: Product Arrived | Product: Win | CRM account mgr: Lisa | *Placeholder HOA/address — replace with real HOA info after upload*
Unassigned - Pending HOA Info,83718,Andrea Palau,TBD,Approved,Tech 2,,,,CRM stage: Ordered | Product: Win | *Placeholder HOA/address — replace with real HOA info after upload*
Unassigned - Pending HOA Info,84279,Donna Chiapperina,TBD,Approved,Tech 2,,,,CRM stage: Ordered | Product: Win | *Placeholder HOA/address — replace with real HOA info after upload*
Unassigned - Pending HOA Info,84334,Jason Bailey,TBD,Need to Submit,Tech 2,,,,CRM stage: Pending Change Order Windows | Product: Win | *Placeholder HOA/address — replace with real HOA info after upload*
Unassigned - Pending HOA Info,84341,David Delgado,TBD,Approved,Tech 2,,,,CRM stage: Ordered | Product: Win | *Placeholder HOA/address — replace with real HOA info after upload*
Unassigned - Pending HOA Info,84428,Jean Francois,TBD,Complete,Tech 2,,,,CRM stage: Needs Final Inspection | Product: Win | CRM account mgr: Polly | *Placeholder HOA/address — replace with real HOA info after upload*
Unassigned - Pending HOA Info,84444,Mia Gonzalez,TBD,Approved,Tech 2,,,,CRM stage: Ordered | Product: Win | *Placeholder HOA/address — replace with real HOA info after upload*
Unassigned - Pending HOA Info,84884,Marta Chamorro,TBD,Approved,Tech 2,,,,CRM stage: Ordered | Product: Win | *Placeholder HOA/address — replace with real HOA info after upload*
Unassigned - Pending HOA Info,85442,Daniel Sandler,TBD,Approved,Tech 2,,,,CRM stage: Ordered | Product: Win | *Placeholder HOA/address — replace with real HOA info after upload*
Unassigned - Pending HOA Info,85444,Rose Leon,TBD,Need to Submit,Tech 2,,,,CRM stage: Attempting to Cancel | Product: Win | CRM account mgr: Roberto | *Ambiguous CRM stage — please verify HOA status* | *Placeholder HOA/address — replace with real HOA info after upload*
Unassigned - Pending HOA Info,85455,Feli Sarubi,TBD,Need to Submit,Tech 2,,,,CRM stage: Awaiting HOA | Product: Win | *Placeholder HOA/address — replace with real HOA info after upload*
Unassigned - Pending HOA Info,85777,Vilma Aly,TBD,Approved,Tech 2,,,,CRM stage: Ordered | Product: Win | *Placeholder HOA/address — replace with real HOA info after upload*
Unassigned - Pending HOA Info,85967,Edward Reyes,TBD,Need to Submit,Tech 2,,,,CRM stage: Sales Manager Escalation | Product: Win | *Ambiguous CRM stage — please verify HOA status* | *Placeholder HOA/address — replace with real HOA info after upload*
Unassigned - Pending HOA Info,86110,Osnah Bloom,TBD,Approved,Tech 2,,,,CRM stage: Ordered | Product: Win | *Placeholder HOA/address — replace with real HOA info after upload*
Unassigned - Pending HOA Info,86112,Alan Armella,TBD,Approved,Tech 2,,,,CRM stage: Ordered | Product: Win | *Placeholder HOA/address — replace with real HOA info after upload*
Unassigned - Pending HOA Info,86161,Madhu Raichura,TBD,Approved,Tech 2,,,,CRM stage: Ordered | Product: Win | *Placeholder HOA/address — replace with real HOA info after upload*
Unassigned - Pending HOA Info,86351,Mike Fernandez,TBD,Approved and Printed,Tech 2,,,,CRM stage: RF Ready for Install | Product: Tile | *Placeholder HOA/address — replace with real HOA info after upload*
Unassigned - Pending HOA Info,86679,Jeann Payne,TBD,Approved,Tech 2,,,,CRM stage: Ordered | Product: Win | *Placeholder HOA/address — replace with real HOA info after upload*
Unassigned - Pending HOA Info,86846,Doris Gonzalez,TBD,Need to Submit,Tech 2,,,,CRM stage: Need Permit Submittal | Product: Win | *Placeholder HOA/address — replace with real HOA info after upload*
Unassigned - Pending HOA Info,86924,Lissete Orante,TBD,Need to Submit,Tech 2,,,,CRM stage: In Progress | Product: Metal | *Ambiguous CRM stage — please verify HOA status* | *Placeholder HOA/address — replace with real HOA info after upload*
Unassigned - Pending HOA Info,87060,Vladimir Niagolov,TBD,Approved,Tech 2,,,,CRM stage: Ordered | Product: Win | *Placeholder HOA/address — replace with real HOA info after upload*
Unassigned - Pending HOA Info,87088,Natasha Jones,TBD,Approved and Printed,Tech 2,,,,CRM stage: Scheduled for Install | Product: Tile | CRM account mgr: Rita | *Placeholder HOA/address — replace with real HOA info after upload*
Unassigned - Pending HOA Info,87245,Luis Vargas,TBD,Complete,Tech 2,,,,CRM stage: Complete | Product: Shingle | CRM account mgr: Rita | *Placeholder HOA/address — replace with real HOA info after upload*
Unassigned - Pending HOA Info,87457,Doug Ritchey,TBD,Approved,Tech 2,,,,CRM stage: Ordered | Product: Win | CRM account mgr: Roberto | *Placeholder HOA/address — replace with real HOA info after upload*
Unassigned - Pending HOA Info,88262,Linda Drigant,TBD,Need to Submit,Tech 2,,,,CRM stage: Awaiting HOA | Product: Tile | *Placeholder HOA/address — replace with real HOA info after upload*
Unassigned - Pending HOA Info,88310,Landy Casting,TBD,Need to Submit,Tech 2,,,,CRM stage: Sales Manager Escalation | Product: Win | *Ambiguous CRM stage — please verify HOA status* | *Placeholder HOA/address — replace with real HOA info after upload*
Unassigned - Pending HOA Info,88621,Richard Brown,TBD,Complete,Tech 2,,,,CRM stage: Complete | Product: Shingle | CRM account mgr: Rita | *Placeholder HOA/address — replace with real HOA info after upload*
Unassigned - Pending HOA Info,88623,Jerry Lawrenceville,TBD,Need to Submit,Tech 2,,,,CRM stage: Need Permit Submittal | Product: Tile | *Placeholder HOA/address — replace with real HOA info after upload*
Unassigned - Pending HOA Info,88656,Joseph Vanella,TBD,Approved,Tech 2,,,,CRM stage: Ordered | Product: Win | *Placeholder HOA/address — replace with real HOA info after upload*
Unassigned - Pending HOA Info,88808,Edward Leonard,TBD,Approved,Tech 2,,,,CRM stage: Ordered | Product: Win | *Placeholder HOA/address — replace with real HOA info after upload*
Unassigned - Pending HOA Info,88985,Michael Leffler Jr,TBD,Need to Submit,Tech 2,,,,CRM stage: Awaiting HOA | Product: Tile | *Placeholder HOA/address — replace with real HOA info after upload*
Unassigned - Pending HOA Info,89098,Judi Schwartz,TBD,Need to Submit,Tech 2,,,,CRM stage: RF Pending Permit | Product: Roof | *Placeholder HOA/address — replace with real HOA info after upload*
Unassigned - Pending HOA Info,89182,Leuvis Matos,TBD,Need to Submit,Tech 2,,,,CRM stage: Need Permit Submittal | Product: Win | *Placeholder HOA/address — replace with real HOA info after upload*
Unassigned - Pending HOA Info,89974,Anthony Blackman,TBD,Need to Submit,Tech 2,,,,CRM stage: Ready to Order | Product: Win | *Placeholder HOA/address — replace with real HOA info after upload*
Unassigned - Pending HOA Info,90384,Karen Steinberg,TBD,Need to Submit,Tech 2,,,,CRM stage: Ready to Order | Product: Win | *Placeholder HOA/address — replace with real HOA info after upload*
Unassigned - Pending HOA Info,91224,Pam Velnosky,TBD,Approved,Tech 2,,,,CRM stage: Ordered | Product: Win | *Placeholder HOA/address — replace with real HOA info after upload*
Unassigned - Pending HOA Info,93286,Anamaria Villafuerte,TBD,Need to Submit,Tech 2,,,,CRM stage: Awaiting HOA | Product: Win | *Placeholder HOA/address — replace with real HOA info after upload*
Unassigned - Pending HOA Info,93384,Daniela Smith,TBD,Need to Submit,Tech 2,,,,CRM stage: Awaiting HOA | Product: Win | *Placeholder HOA/address — replace with real HOA info after upload*
Unassigned - Pending HOA Info,93397,Juan Caceres,TBD,Need to Submit,Tech 2,,,,CRM stage: Need Permit Submittal | Product: Metal | *Placeholder HOA/address — replace with real HOA info after upload*
Unassigned - Pending HOA Info,93614,Gil Hernandez,TBD,Need to Submit,Tech 2,,,,CRM stage: Need Permit Submittal | Product: Win | *Placeholder HOA/address — replace with real HOA info after upload*
Unassigned - Pending HOA Info,93783,Sharon Wilson,TBD,Need to Submit,Tech 2,,,,CRM stage: Need Permit Submittal | Product: Win | *Placeholder HOA/address — replace with real HOA info after upload*
Unassigned - Pending HOA Info,93992,Michelle Velazquez,TBD,Need to Submit,Tech 2,,,,CRM stage: RF Pending Permit | Product: Tile | *Placeholder HOA/address — replace with real HOA info after upload*
Unassigned - Pending HOA Info,94084,Marcelina Barr,TBD,Need to Submit,Tech 2,,,,CRM stage: Need Permit Submittal | Product: Flat | *Placeholder HOA/address — replace with real HOA info after upload*
Unassigned - Pending HOA Info,94253,Rajesh Thakkar,TBD,Need to Submit,Tech 2,,,,CRM stage: Need Permit Submittal | Product: Tile | *Placeholder HOA/address — replace with real HOA info after upload*
Unassigned - Pending HOA Info,94268,Angela Rhone,TBD,Need to Submit,Tech 2,,,,CRM stage: Awaiting HOA | Product: Win | *Placeholder HOA/address — replace with real HOA info after upload*
Unassigned - Pending HOA Info,94573,Daniel Gonzalez,TBD,Need to Submit,Tech 2,,,,CRM stage: Awaiting HOA | Product: Win | *Placeholder HOA/address — replace with real HOA info after upload*
Unassigned - Pending HOA Info,94852,Francois Joseph,TBD,Need to Submit,Tech 2,,,,CRM stage: Need Permit Submittal | Product: Win | *Placeholder HOA/address — replace with real HOA info after upload*
Unassigned - Pending HOA Info,95871,Debbie Eagleton,TBD,Need to Submit,Tech 2,,,,CRM stage: Need Permit Submittal | Product: Win | *Placeholder HOA/address — replace with real HOA info after upload*
Unassigned - Pending HOA Info,96223,Jose Pacheco,TBD,Need to Submit,Tech 2,,,,CRM stage: Need Permit Submittal | Product: Tile | *Placeholder HOA/address — replace with real HOA info after upload*
Unassigned - Pending HOA Info,96446,Carlos Palacios,TBD,Need to Submit,Tech 2,,,,CRM stage: Need Permit Submittal | Product: Win | *Placeholder HOA/address — replace with real HOA info after upload*
Unassigned - Pending HOA Info,96504,Bethany Lamar,TBD,Need to Submit,Tech 2,,,,CRM stage: Need Permit Submittal | Product: Win | *Placeholder HOA/address — replace with real HOA info after upload*
Unassigned - Pending HOA Info,96544,Esday Decembre,TBD,Need to Submit,Tech 2,,,,CRM stage: Awaiting HOA | Product: Win | *Placeholder HOA/address — replace with real HOA info after upload*
Unassigned - Pending HOA Info,96654,Michael Tinglin,TBD,Need to Submit,Tech 2,,,,CRM stage: RF Pending Permit | Product: Tile | *Placeholder HOA/address — replace with real HOA info after upload*
Unassigned - Pending HOA Info,96908,Daisy Rivera,TBD,Need to Submit,Tech 2,,,,CRM stage: Need Permit Submittal | Product: Win | *Placeholder HOA/address — replace with real HOA info after upload*
Unassigned - Pending HOA Info,96913,Fernando Vico,TBD,Need to Submit,Tech 2,,,,CRM stage: Pending Change Order Windows | Product: Win | *Placeholder HOA/address — replace with real HOA info after upload*
Unassigned - Pending HOA Info,97021,Sandrine Cavalier,TBD,Need to Submit,Tech 2,,,,CRM stage: Awaiting HOA | Product: Win | *Placeholder HOA/address — replace with real HOA info after upload*
